Id,Predicted
0,comedy
1,horror
2,drama
3,thriller
4,romance
5,drama
6,comedy
7,drama
8,comedy
9,action
10,drama
11,comedy
12,drama
13,romance
14,drama
15,action
16,comedy
17,drama
18,comedy
19,drama
20,crime
21,drama
22,comedy
23,drama
24,drama
25,comedy
26,drama
27,adventure
28,drama
29,romance
30,drama
31,comedy
32,western
33,drama
34,drama
35,drama
36,drama
37,drama
38,comedy
39,comedy
40,drama
41,comedy
42,comedy
43,drama
44,drama
45,comedy
46,comedy
47,drama
48,comedy
49,drama
50,drama
51,comedy
52,comedy
53,comedy
54,western
55,comedy
56,drama
57,drama
58,drama
59,thriller
60,drama
61,action
62,drama
63,drama
64,comedy
65,drama
66,western
67,drama
68,drama
69,crime
70,drama
71,drama
72,horror
73,comedy
74,comedy
75,thriller
76,drama
77,drama
78,comedy
79,drama
80,western
81,crime
82,western
83,drama
84,drama
85,crime
86,western
87,comedy
88,action
89,drama
90,drama
91,horror
92,drama
93,comedy
94,drama
95,comedy
96,horror
97,comedy
98,drama
99,drama
100,comedy
101,drama
102,comedy
103,drama
104,drama
105,comedy
106,drama
107,comedy
108,comedy
109,comedy
110,comedy
111,drama
112,drama
113,drama
114,drama
115,comedy
116,drama
117,drama
118,drama
119,drama
120,drama
121,comedy
122,drama
123,drama
124,horror
125,thriller
126,romance
127,drama
128,western
129,drama
130,comedy
131,horror
132,crime
133,drama
134,thriller
135,drama
136,drama
137,comedy
138,drama
139,romance
140,western
141,adventure
142,comedy
143,drama
144,comedy
145,drama
146,drama
147,drama
148,thriller
149,horror
150,comedy
151,western
152,comedy
153,comedy
154,drama
155,drama
156,crime
157,action
158,horror
159,comedy
160,adventure
161,comedy
162,drama
163,drama
164,drama
165,action
166,action
167,drama
168,drama
169,drama
170,drama
171,comedy
172,drama
173,crime
174,comedy
175,comedy
176,crime
177,western
178,drama
179,horror
180,thriller
181,drama
182,comedy
183,drama
184,comedy
185,western
186,comedy
187,drama
188,drama
189,romance
190,drama
191,action
192,drama
193,drama
194,drama
195,adventure
196,comedy
197,drama
198,horror
199,drama
200,comedy
201,drama
202,thriller
203,drama
204,drama
205,horror
206,drama
207,action
208,horror
209,romance
210,drama
211,comedy
212,drama
213,comedy
214,western
215,thriller
216,drama
217,drama
218,action
219,drama
220,comedy
221,romance
222,thriller
223,drama
224,action
225,action
226,drama
227,drama
228,drama
229,comedy
230,horror
231,comedy
232,drama
233,drama
234,drama
235,drama
236,drama
237,thriller
238,drama
239,comedy
240,drama
241,comedy
242,drama
243,comedy
244,horror
245,drama
246,drama
247,comedy
248,drama
249,comedy
250,action
251,thriller
252,drama
253,comedy
254,western
255,drama
256,comedy
257,drama
258,adventure
259,drama
260,comedy
261,drama
262,romance
263,adventure
264,action
265,comedy
266,action
267,western
268,horror
269,horror
270,drama
271,drama
272,thriller
273,drama
274,drama
275,drama
276,drama
277,comedy
278,drama
279,comedy
280,comedy
281,comedy
282,drama
283,drama
284,drama
285,comedy
286,comedy
287,drama
288,romance
289,romance
290,crime
291,drama
292,comedy
293,drama
294,drama
295,drama
296,drama
297,crime
298,action
299,adventure
300,adventure
301,action
302,western
303,drama
304,comedy
305,thriller
306,drama
307,action
308,drama
309,comedy
310,comedy
311,comedy
312,comedy
313,drama
314,comedy
315,thriller
316,comedy
317,thriller
318,crime
319,thriller
320,comedy
321,drama
322,drama
323,drama
324,thriller
325,drama
326,comedy
327,horror
328,drama
329,drama
330,western
331,drama
332,drama
333,comedy
334,drama
335,horror
336,comedy
337,drama
338,adventure
339,drama
340,horror
341,drama
342,western
343,drama
344,western
345,comedy
346,crime
347,drama
348,thriller
349,action
350,drama
351,drama
352,action
353,drama
354,drama
355,drama
356,drama
357,comedy
358,comedy
359,drama
360,horror
361,comedy
362,drama
363,horror
364,comedy
365,drama
366,drama
367,western
368,western
369,horror
370,comedy
371,drama
372,western
373,comedy
374,thriller
375,drama
376,western
377,western
378,crime
379,comedy
380,comedy
381,action
382,drama
383,drama
384,thriller
385,western
386,comedy
387,drama
388,comedy
389,action
390,comedy
391,comedy
392,drama
393,comedy
394,comedy
395,crime
396,comedy
397,thriller
398,drama
399,drama
400,comedy
401,thriller
402,drama
403,thriller
404,horror
405,drama
406,drama
407,drama
408,drama
409,drama
410,horror
411,drama
412,horror
413,drama
414,comedy
415,comedy
416,action
417,comedy
418,thriller
419,drama
420,drama
421,drama
422,comedy
423,drama
424,drama
425,romance
426,drama
427,drama
428,drama
429,comedy
430,drama
431,comedy
432,horror
433,western
434,comedy
435,action
436,drama
437,drama
438,drama
439,romance
440,comedy
441,drama
442,comedy
443,comedy
444,drama
445,romance
446,romance
447,drama
448,comedy
449,comedy
450,romance
451,adventure
452,thriller
453,action
454,horror
455,drama
456,thriller
457,horror
458,thriller
459,drama
460,horror
461,drama
462,western
463,drama
464,comedy
465,western
466,horror
467,western
468,drama
469,drama
470,thriller
471,drama
472,horror
473,comedy
474,horror
475,comedy
476,drama
477,horror
478,romance
479,action
480,comedy
481,action
482,horror
483,drama
484,drama
485,drama
486,drama
487,drama
488,comedy
489,action
490,comedy
491,horror
492,romance
493,comedy
494,adventure
495,drama
496,comedy
497,crime
498,drama
499,drama
500,comedy
501,drama
502,drama
503,drama
504,comedy
505,drama
506,thriller
507,thriller
508,drama
509,comedy
510,drama
511,drama
512,drama
513,horror
514,drama
515,drama
516,drama
517,comedy
518,drama
519,comedy
520,drama
521,comedy
522,drama
523,drama
524,action
525,drama
526,romance
527,horror
528,drama
529,action
530,drama
531,crime
532,drama
533,romance
534,drama
535,drama
536,drama
537,drama
538,drama
539,drama
540,drama
541,comedy
542,comedy
543,comedy
544,comedy
545,comedy
546,comedy
547,thriller
548,comedy
549,comedy
550,drama
551,horror
552,drama
553,comedy
554,drama
555,comedy
556,horror
557,drama
558,comedy
559,western
560,drama
561,adventure
562,drama
563,comedy
564,drama
565,comedy
566,romance
567,romance
568,drama
569,comedy
570,comedy
571,crime
572,drama
573,romance
574,comedy
575,drama
576,western
577,romance
578,comedy
579,comedy
580,comedy
581,comedy
582,drama
583,drama
584,comedy
585,drama
586,drama
587,comedy
588,comedy
589,drama
590,action
591,drama
592,action
593,drama
594,comedy
595,comedy
596,action
597,comedy
598,drama
599,comedy
600,comedy
601,western
602,comedy
603,drama
604,comedy
605,drama
606,action
607,comedy
608,drama
609,action
610,thriller
611,drama
612,drama
613,drama
614,comedy
615,comedy
616,drama
617,drama
618,drama
619,drama
620,drama
621,comedy
622,drama
623,crime
624,drama
625,drama
626,drama
627,western
628,horror
629,comedy
630,drama
631,action
632,thriller
633,comedy
634,drama
635,comedy
636,horror
637,drama
638,horror
639,western
640,drama
641,crime
642,action
643,comedy
644,romance
645,thriller
646,action
647,comedy
648,drama
649,drama
650,drama
651,drama
652,comedy
653,comedy
654,action
655,drama
656,drama
657,drama
658,thriller
659,drama
660,drama
661,drama
662,thriller
663,drama
664,comedy
665,romance
666,horror
667,crime
668,comedy
669,action
670,drama
671,comedy
672,comedy
673,drama
674,comedy
675,drama
676,drama
677,comedy
678,drama
679,drama
680,drama
681,comedy
682,western
683,western
684,drama
685,adventure
686,drama
687,drama
688,comedy
689,comedy
690,action
691,adventure
692,drama
693,comedy
694,drama
695,drama
696,drama
697,comedy
698,comedy
699,comedy
700,comedy
701,comedy
702,western
703,drama
704,drama
705,comedy
706,drama
707,crime
708,drama
709,drama
710,drama
711,drama
712,comedy
713,drama
714,drama
715,comedy
716,drama
717,drama
718,comedy
719,thriller
720,comedy
721,drama
722,comedy
723,drama
724,drama
725,drama
726,drama
727,drama
728,comedy
729,comedy
730,western
731,drama
732,drama
733,comedy
734,western
735,drama
736,drama
737,thriller
738,adventure
739,comedy
740,drama
741,adventure
742,comedy
743,drama
744,comedy
745,comedy
746,drama
747,comedy
748,drama
749,horror
750,comedy
751,drama
752,comedy
753,comedy
754,action
755,drama
756,drama
757,western
758,western
759,comedy
760,drama
761,western
762,drama
763,drama
764,drama
765,horror
766,drama
767,drama
768,drama
769,western
770,comedy
771,drama
772,drama
773,action
774,horror
775,action
776,comedy
777,comedy
778,drama
779,comedy
780,action
781,drama
782,adventure
783,drama
784,western
785,drama
786,drama
787,drama
788,action
789,horror
790,crime
791,drama
792,adventure
793,comedy
794,comedy
795,drama
796,comedy
797,comedy
798,drama
799,comedy
800,adventure
801,drama
802,comedy
803,drama
804,drama
805,drama
806,horror
807,comedy
808,drama
809,comedy
810,drama
811,drama
812,comedy
813,drama
814,comedy
815,drama
816,thriller
817,drama
818,drama
819,comedy
820,comedy
821,comedy
822,drama
823,drama
824,drama
825,comedy
826,drama
827,action
828,drama
829,drama
830,crime
831,comedy
832,comedy
833,western
834,comedy
835,horror
836,comedy
837,comedy
838,drama
839,comedy
840,drama
841,action
842,drama
843,horror
844,thriller
845,comedy
846,comedy
847,drama
848,horror
849,romance
850,drama
851,comedy
852,western
853,comedy
854,comedy
855,comedy
856,comedy
857,romance
858,drama
859,drama
860,drama
861,western
862,drama
863,horror
864,comedy
865,drama
866,comedy
867,comedy
868,romance
869,horror
870,western
871,drama
872,western
873,romance
874,thriller
875,drama
876,drama
877,horror
878,drama
879,drama
880,drama
881,comedy
882,drama
883,drama
884,horror
885,western
886,drama
887,horror
888,comedy
889,thriller
890,drama
891,comedy
892,comedy
893,western
894,western
895,crime
896,drama
897,drama
898,drama
899,comedy
900,drama
901,drama
902,crime
903,drama
904,drama
905,horror
906,horror
907,horror
908,western
909,comedy
910,horror
911,drama
912,drama
913,drama
914,drama
915,thriller
916,horror
917,drama
918,drama
919,comedy
920,drama
921,action
922,comedy
923,drama
924,drama
925,drama
926,drama
927,drama
928,crime
929,comedy
930,drama
931,horror
932,drama
933,comedy
934,horror
935,comedy
936,drama
937,action
938,horror
939,drama
940,drama
941,comedy
942,drama
943,comedy
944,thriller
945,comedy
946,drama
947,drama
948,drama
949,drama
950,comedy
951,comedy
952,crime
953,thriller
954,action
955,comedy
956,comedy
957,drama
958,horror
959,drama
960,comedy
961,comedy
962,horror
963,drama
964,horror
965,drama
966,comedy
967,comedy
968,comedy
969,thriller
970,drama
971,comedy
972,comedy
973,western
974,action
975,comedy
976,comedy
977,drama
978,drama
979,drama
980,comedy
981,drama
982,drama
983,comedy
984,comedy
985,comedy
986,comedy
987,drama
988,thriller
989,action
990,comedy
991,action
992,comedy
993,drama
994,comedy
995,comedy
996,comedy
997,drama
998,comedy
999,comedy
1000,drama
1001,drama
1002,romance
1003,drama
1004,drama
1005,drama
1006,drama
1007,comedy
1008,adventure
1009,drama
1010,comedy
1011,romance
1012,drama
1013,crime
1014,western
1015,drama
1016,drama
1017,comedy
1018,horror
1019,drama
1020,drama
1021,horror
1022,comedy
1023,crime
1024,comedy
1025,horror
1026,crime
1027,crime
1028,comedy
1029,horror
1030,drama
1031,drama
1032,drama
1033,comedy
1034,action
1035,comedy
1036,romance
1037,drama
1038,crime
1039,adventure
1040,adventure
1041,thriller
1042,drama
1043,thriller
1044,drama
1045,crime
1046,comedy
1047,drama
1048,comedy
1049,drama
1050,romance
1051,drama
1052,comedy
1053,drama
1054,drama
1055,comedy
1056,drama
1057,western
1058,western
1059,thriller
1060,action
1061,comedy
1062,drama
1063,drama
1064,comedy
1065,drama
1066,comedy
1067,drama
1068,action
1069,drama
1070,comedy
1071,action
1072,western
1073,drama
1074,drama
1075,romance
1076,comedy
1077,drama
1078,adventure
1079,comedy
1080,drama
1081,western
1082,horror
1083,comedy
1084,western
1085,drama
1086,comedy
1087,drama
1088,western
1089,horror
1090,drama
1091,comedy
1092,drama
1093,drama
1094,comedy
1095,horror
1096,comedy
1097,western
1098,drama
1099,drama
1100,drama
1101,drama
1102,comedy
1103,western
1104,comedy
1105,drama
1106,horror
1107,drama
1108,drama
1109,western
1110,horror
1111,drama
1112,comedy
1113,drama
1114,comedy
1115,drama
1116,comedy
1117,comedy
1118,drama
1119,horror
1120,horror
1121,drama
1122,adventure
1123,crime
1124,comedy
1125,comedy
1126,drama
1127,drama
1128,comedy
1129,crime
1130,comedy
1131,drama
1132,drama
1133,drama
1134,romance
1135,adventure
1136,thriller
1137,comedy
1138,drama
1139,comedy
1140,drama
1141,crime
1142,adventure
1143,crime
1144,comedy
1145,comedy
1146,comedy
1147,adventure
1148,thriller
1149,drama
1150,comedy
1151,comedy
1152,comedy
1153,comedy
1154,horror
1155,romance
1156,comedy
1157,drama
1158,action
1159,comedy
1160,drama
1161,comedy
1162,drama
1163,horror
1164,adventure
1165,comedy
1166,comedy
1167,drama
1168,comedy
1169,drama
1170,crime
1171,drama
1172,comedy
1173,drama
1174,drama
1175,drama
1176,drama
1177,thriller
1178,drama
1179,drama
1180,horror
1181,comedy
1182,romance
1183,drama
1184,drama
1185,drama
1186,western
1187,comedy
1188,thriller
1189,western
1190,drama
1191,romance
1192,drama
1193,drama
1194,horror
1195,comedy
1196,drama
1197,comedy
1198,drama
1199,drama
1200,comedy
1201,comedy
1202,romance
1203,drama
1204,horror
1205,drama
1206,horror
1207,comedy
1208,comedy
1209,drama
1210,comedy
1211,drama
1212,drama
1213,comedy
1214,drama
1215,western
1216,comedy
1217,comedy
1218,comedy
1219,drama
1220,comedy
1221,crime
1222,drama
1223,comedy
1224,comedy
1225,comedy
1226,drama
1227,action
1228,drama
1229,comedy
1230,action
1231,comedy
1232,comedy
1233,comedy
1234,crime
1235,comedy
1236,thriller
1237,comedy
1238,adventure
1239,western
1240,comedy
1241,drama
1242,adventure
1243,comedy
1244,horror
1245,drama
1246,drama
1247,drama
1248,comedy
1249,comedy
1250,adventure
1251,western
1252,western
1253,drama
1254,crime
1255,adventure
1256,horror
1257,drama
1258,drama
1259,drama
1260,drama
1261,drama
1262,drama
1263,horror
1264,drama
1265,comedy
1266,action
1267,comedy
1268,drama
1269,comedy
1270,horror
1271,action
1272,comedy
1273,comedy
1274,drama
1275,horror
1276,action
1277,horror
1278,western
1279,comedy
1280,drama
1281,drama
1282,comedy
1283,western
1284,drama
1285,comedy
1286,drama
1287,drama
1288,comedy
1289,drama
1290,drama
1291,drama
1292,comedy
1293,drama
1294,western
1295,drama
1296,comedy
1297,comedy
1298,comedy
1299,drama
1300,drama
1301,adventure
1302,drama
1303,drama
1304,horror
1305,thriller
1306,drama
1307,crime
1308,drama
1309,romance
1310,drama
1311,drama
1312,drama
1313,comedy
1314,comedy
1315,comedy
1316,drama
1317,drama
1318,action
1319,western
1320,romance
1321,drama
1322,drama
1323,drama
1324,comedy
1325,drama
1326,drama
1327,drama
1328,adventure
1329,comedy
1330,comedy
1331,drama
1332,drama
1333,action
1334,comedy
1335,comedy
1336,drama
1337,horror
1338,drama
1339,drama
1340,horror
1341,drama
1342,drama
1343,comedy
1344,horror
1345,drama
1346,drama
1347,drama
1348,drama
1349,horror
1350,drama
1351,drama
1352,drama
1353,drama
1354,adventure
1355,horror
1356,drama
1357,drama
1358,thriller
1359,thriller
1360,romance
1361,comedy
1362,comedy
1363,drama
1364,comedy
1365,thriller
1366,drama
1367,drama
1368,drama
1369,drama
1370,drama
1371,drama
1372,comedy
1373,comedy
1374,comedy
1375,drama
1376,comedy
1377,drama
1378,comedy
1379,drama
1380,horror
1381,crime
1382,drama
1383,drama
1384,drama
1385,comedy
1386,comedy
1387,thriller
1388,drama
1389,drama
1390,drama
1391,drama
1392,western
1393,comedy
1394,comedy
1395,comedy
1396,comedy
1397,thriller
1398,thriller
1399,comedy
1400,comedy
1401,action
1402,drama
1403,comedy
1404,drama
1405,drama
1406,drama
1407,drama
1408,western
1409,western
1410,drama
1411,drama
1412,comedy
1413,western
1414,drama
1415,drama
1416,comedy
1417,adventure
1418,drama
1419,western
1420,action
1421,drama
1422,thriller
1423,drama
1424,western
1425,drama
1426,horror
1427,action
1428,adventure
1429,drama
1430,drama
1431,comedy
1432,action
1433,comedy
1434,romance
1435,comedy
1436,drama
1437,western
1438,thriller
1439,comedy
1440,drama
1441,comedy
1442,drama
1443,drama
1444,drama
1445,western
1446,western
1447,drama
1448,drama
1449,comedy
1450,thriller
1451,horror
1452,drama
1453,comedy
1454,comedy
1455,adventure
1456,comedy
1457,thriller
1458,drama
1459,drama
1460,drama
1461,drama
1462,drama
1463,drama
1464,drama
1465,comedy
1466,comedy
1467,drama
1468,thriller
1469,action
1470,horror
1471,thriller
1472,horror
1473,comedy
1474,crime
1475,adventure
1476,drama
1477,drama
1478,drama
1479,horror
1480,western
1481,western
1482,comedy
1483,comedy
1484,drama
1485,comedy
1486,drama
1487,horror
1488,comedy
1489,drama
1490,drama
1491,horror
1492,western
1493,thriller
1494,drama
1495,drama
1496,comedy
1497,thriller
1498,drama
1499,western
1500,thriller
1501,drama
1502,drama
1503,drama
1504,western
1505,drama
1506,comedy
1507,horror
1508,drama
1509,drama
1510,drama
1511,drama
1512,comedy
1513,drama
1514,drama
1515,drama
1516,comedy
1517,drama
1518,comedy
1519,drama
1520,drama
1521,drama
1522,comedy
1523,drama
1524,comedy
1525,drama
1526,horror
1527,comedy
1528,drama
1529,drama
1530,adventure
1531,drama
1532,thriller
1533,drama
1534,thriller
1535,drama
1536,drama
1537,comedy
1538,western
1539,horror
1540,drama
1541,comedy
1542,horror
1543,comedy
1544,comedy
1545,comedy
1546,drama
1547,action
1548,drama
1549,romance
1550,comedy
1551,drama
1552,crime
1553,drama
1554,action
1555,comedy
1556,drama
1557,comedy
1558,action
1559,drama
1560,western
1561,comedy
1562,drama
1563,action
1564,drama
1565,action
1566,drama
1567,thriller
1568,romance
1569,drama
1570,comedy
1571,drama
1572,comedy
1573,drama
1574,drama
1575,action
1576,drama
1577,drama
1578,action
1579,drama
1580,adventure
1581,drama
1582,romance
1583,action
1584,comedy
1585,horror
1586,drama
1587,romance
1588,comedy
1589,drama
1590,drama
1591,drama
1592,comedy
1593,drama
1594,drama
1595,horror
1596,western
1597,drama
1598,comedy
1599,drama
1600,comedy
1601,drama
1602,drama
1603,comedy
1604,western
1605,comedy
1606,thriller
1607,comedy
1608,drama
1609,horror
1610,western
1611,horror
1612,drama
1613,horror
1614,drama
1615,action
1616,western
1617,drama
1618,drama
1619,comedy
1620,drama
1621,drama
1622,drama
1623,western
1624,drama
1625,drama
1626,crime
1627,western
1628,comedy
1629,drama
1630,drama
1631,comedy
1632,adventure
1633,drama
1634,drama
1635,comedy
1636,thriller
1637,drama
1638,drama
1639,thriller
1640,drama
1641,crime
1642,action
1643,crime
1644,drama
1645,drama
1646,drama
1647,horror
1648,comedy
1649,drama
1650,crime
1651,drama
1652,romance
1653,drama
1654,drama
1655,action
1656,horror
1657,thriller
1658,comedy
1659,crime
1660,comedy
1661,comedy
1662,drama
1663,comedy
1664,drama
1665,drama
1666,crime
1667,western
1668,comedy
1669,comedy
1670,drama
1671,drama
1672,comedy
1673,comedy
1674,comedy
1675,drama
1676,western
1677,horror
1678,drama
1679,western
1680,drama
1681,thriller
1682,horror
1683,drama
1684,comedy
1685,crime
1686,western
1687,drama
1688,horror
1689,drama
1690,drama
1691,comedy
1692,drama
1693,drama
1694,romance
1695,comedy
1696,crime
1697,western
1698,drama
1699,western
1700,drama
1701,drama
1702,western
1703,drama
1704,western
1705,adventure
1706,comedy
1707,comedy
1708,drama
1709,action
1710,comedy
1711,comedy
1712,crime
1713,action
1714,drama
1715,western
1716,crime
1717,comedy
1718,comedy
1719,drama
1720,drama
1721,action
1722,drama
1723,comedy
1724,comedy
1725,comedy
1726,drama
1727,action
1728,drama
1729,action
1730,adventure
1731,drama
1732,drama
1733,thriller
1734,horror
1735,western
1736,comedy
1737,comedy
1738,drama
1739,comedy
1740,comedy
1741,comedy
1742,comedy
1743,romance
1744,comedy
1745,horror
1746,thriller
1747,drama
1748,action
1749,comedy
1750,action
1751,drama
1752,comedy
1753,drama
1754,comedy
1755,drama
1756,comedy
1757,comedy
1758,drama
1759,comedy
1760,comedy
1761,drama
1762,comedy
1763,comedy
1764,comedy
1765,comedy
1766,comedy
1767,drama
1768,comedy
1769,drama
1770,romance
1771,drama
1772,drama
1773,drama
1774,drama
1775,thriller
1776,drama
1777,comedy
1778,horror
1779,drama
1780,drama
1781,drama
1782,drama
1783,comedy
1784,comedy
1785,drama
1786,drama
1787,drama
1788,adventure
1789,comedy
1790,western
1791,comedy
1792,drama
1793,horror
1794,drama
1795,drama
1796,comedy
1797,horror
1798,action
1799,action
1800,comedy
1801,drama
1802,comedy
1803,action
1804,comedy
1805,drama
1806,horror
1807,drama
1808,drama
1809,horror
1810,horror
1811,comedy
1812,drama
1813,comedy
1814,western
1815,comedy
1816,comedy
1817,drama
1818,drama
1819,western
1820,drama
1821,drama
1822,comedy
1823,comedy
1824,comedy
1825,western
1826,drama
1827,drama
1828,horror
1829,drama
1830,western
1831,horror
1832,thriller
1833,comedy
1834,drama
1835,thriller
1836,comedy
1837,action
1838,drama
1839,drama
1840,comedy
1841,thriller
1842,drama
1843,comedy
1844,comedy
1845,horror
1846,horror
1847,thriller
1848,drama
1849,crime
1850,thriller
1851,comedy
1852,drama
1853,action
1854,drama
1855,thriller
1856,thriller
1857,comedy
1858,drama
1859,action
1860,drama
1861,drama
1862,western
1863,drama
1864,comedy
1865,crime
1866,horror
1867,comedy
1868,drama
1869,comedy
1870,comedy
1871,comedy
1872,comedy
1873,thriller
1874,drama
1875,horror
1876,comedy
1877,comedy
1878,thriller
1879,drama
1880,drama
1881,comedy
1882,drama
1883,thriller
1884,drama
1885,drama
1886,drama
1887,romance
1888,adventure
1889,comedy
1890,thriller
1891,horror
1892,comedy
1893,comedy
1894,drama
1895,drama
1896,adventure
1897,action
1898,action
1899,thriller
1900,drama
1901,comedy
1902,comedy
1903,drama
1904,drama
1905,drama
1906,drama
1907,horror
1908,drama
1909,drama
1910,horror
1911,drama
1912,comedy
1913,drama
1914,drama
1915,drama
1916,romance
1917,comedy
1918,comedy
1919,drama
1920,horror
1921,western
1922,action
1923,comedy
1924,action
1925,drama
1926,comedy
1927,drama
1928,thriller
1929,action
1930,comedy
1931,thriller
1932,drama
1933,drama
1934,drama
1935,horror
1936,comedy
1937,comedy
1938,drama
1939,comedy
1940,comedy
1941,thriller
1942,western
1943,action
1944,comedy
1945,thriller
1946,western
1947,drama
1948,action
1949,drama
1950,horror
1951,drama
1952,drama
1953,thriller
1954,comedy
1955,drama
1956,comedy
1957,drama
1958,action
1959,drama
1960,comedy
1961,drama
1962,comedy
1963,drama
1964,action
1965,comedy
1966,adventure
1967,comedy
1968,comedy
1969,action
1970,drama
1971,drama
1972,comedy
1973,horror
1974,drama
1975,comedy
1976,drama
1977,drama
1978,comedy
1979,drama
1980,comedy
1981,drama
1982,drama
1983,thriller
1984,thriller
1985,drama
1986,action
1987,action
1988,western
1989,adventure
1990,drama
1991,drama
1992,drama
1993,comedy
1994,comedy
1995,comedy
1996,romance
1997,comedy
1998,comedy
1999,drama
2000,comedy
2001,comedy
2002,western
2003,comedy
2004,drama
2005,drama
2006,drama
2007,comedy
2008,comedy
2009,thriller
2010,drama
2011,crime
2012,comedy
2013,action
2014,drama
2015,thriller
2016,comedy
2017,western
2018,comedy
2019,drama
2020,drama
2021,drama
2022,drama
2023,drama
2024,comedy
2025,drama
2026,drama
2027,western
2028,drama
2029,action
2030,drama
2031,drama
2032,western
2033,crime
2034,drama
2035,drama
2036,drama
2037,horror
2038,drama
2039,comedy
2040,action
2041,drama
2042,drama
2043,thriller
2044,drama
2045,comedy
2046,drama
2047,drama
2048,drama
2049,comedy
2050,comedy
2051,western
2052,drama
2053,drama
2054,comedy
2055,drama
2056,drama
2057,drama
2058,drama
2059,comedy
2060,action
2061,horror
2062,comedy
2063,thriller
2064,comedy
2065,horror
2066,comedy
2067,comedy
2068,drama
2069,drama
2070,comedy
2071,romance
2072,comedy
2073,crime
2074,drama
2075,comedy
2076,drama
2077,drama
2078,drama
2079,thriller
2080,drama
2081,drama
2082,action
2083,drama
2084,comedy
2085,horror
2086,comedy
2087,drama
2088,drama
2089,comedy
2090,drama
2091,drama
2092,horror
2093,action
2094,drama
2095,action
2096,drama
2097,western
2098,romance
2099,comedy
2100,horror
2101,drama
2102,drama
2103,drama
2104,horror
2105,drama
2106,action
2107,drama
2108,drama
2109,comedy
2110,action
2111,comedy
2112,comedy
2113,comedy
2114,drama
2115,comedy
2116,crime
2117,comedy
2118,drama
2119,drama
2120,crime
2121,western
2122,drama
2123,thriller
2124,comedy
2125,drama
2126,drama
2127,drama
2128,adventure
2129,drama
2130,comedy
2131,comedy
2132,drama
2133,drama
2134,comedy
2135,comedy
2136,action
2137,comedy
2138,comedy
2139,comedy
2140,drama
2141,drama
2142,western
2143,drama
2144,comedy
2145,crime
2146,comedy
2147,drama
2148,drama
2149,action
2150,comedy
2151,western
2152,drama
2153,thriller
2154,drama
2155,drama
2156,romance
2157,action
2158,drama
2159,horror
2160,drama
2161,drama
2162,drama
2163,comedy
2164,action
2165,comedy
2166,comedy
2167,thriller
2168,comedy
2169,comedy
2170,comedy
2171,drama
2172,comedy
2173,romance
2174,drama
2175,drama
2176,comedy
2177,comedy
2178,drama
2179,drama
2180,drama
2181,adventure
2182,drama
2183,drama
2184,thriller
2185,drama
2186,drama
2187,western
2188,comedy
2189,drama
2190,drama
2191,comedy
2192,comedy
2193,comedy
2194,crime
2195,crime
2196,drama
2197,comedy
2198,action
2199,drama
2200,drama
2201,drama
2202,horror
2203,crime
2204,comedy
2205,drama
2206,crime
2207,drama
2208,drama
2209,drama
2210,thriller
2211,comedy
2212,drama
2213,comedy
2214,drama
2215,western
2216,comedy
2217,drama
2218,drama
2219,comedy
2220,drama
2221,drama
2222,adventure
2223,crime
2224,comedy
2225,drama
2226,adventure
2227,comedy
2228,drama
2229,comedy
2230,drama
2231,thriller
2232,action
2233,action
2234,comedy
2235,thriller
2236,thriller
2237,drama
2238,comedy
2239,drama
2240,action
2241,comedy
2242,drama
2243,drama
2244,drama
2245,comedy
2246,thriller
2247,comedy
2248,action
2249,comedy
2250,comedy
2251,thriller
2252,horror
2253,western
2254,drama
2255,comedy
2256,drama
2257,horror
2258,thriller
2259,drama
2260,drama
2261,comedy
2262,drama
2263,drama
2264,western
2265,romance
2266,drama
2267,drama
2268,drama
2269,drama
2270,western
2271,drama
2272,drama
2273,comedy
2274,comedy
2275,drama
2276,western
2277,horror
2278,comedy
2279,comedy
2280,action
2281,adventure
2282,romance
2283,drama
2284,comedy
2285,drama
2286,comedy
2287,comedy
2288,drama
2289,comedy
2290,action
2291,comedy
2292,comedy
2293,drama
2294,drama
2295,comedy
2296,comedy
2297,comedy
2298,drama
2299,drama
2300,drama
2301,drama
2302,drama
2303,drama
2304,comedy
2305,western
2306,comedy
2307,crime
2308,comedy
2309,comedy
2310,horror
2311,comedy
2312,comedy
2313,drama
2314,horror
2315,drama
2316,comedy
2317,comedy
2318,thriller
2319,thriller
2320,drama
2321,comedy
2322,horror
2323,drama
2324,western
2325,drama
2326,drama
2327,action
2328,drama
2329,drama
2330,drama
2331,comedy
2332,thriller
2333,drama
2334,drama
2335,comedy
2336,drama
2337,romance
2338,drama
2339,drama
2340,adventure
2341,drama
2342,drama
2343,drama
2344,action
2345,action
2346,adventure
2347,adventure
2348,romance
2349,crime
2350,comedy
2351,comedy
2352,horror
2353,drama
2354,drama
2355,thriller
2356,comedy
2357,drama
2358,thriller
2359,comedy
2360,romance
2361,comedy
2362,horror
2363,comedy
2364,drama
2365,comedy
2366,drama
2367,romance
2368,drama
2369,drama
2370,drama
2371,adventure
2372,horror
2373,thriller
2374,drama
2375,comedy
2376,drama
2377,western
2378,romance
2379,comedy
2380,drama
2381,action
2382,drama
2383,drama
2384,drama
2385,drama
2386,drama
2387,drama
2388,horror
2389,comedy
2390,comedy
2391,drama
2392,drama
2393,comedy
2394,drama
2395,thriller
2396,action
2397,drama
2398,comedy
2399,western
2400,comedy
2401,romance
2402,action
2403,horror
2404,drama
2405,comedy
2406,drama
2407,horror
2408,comedy
2409,drama
2410,comedy
2411,adventure
2412,drama
2413,drama
2414,action
2415,comedy
2416,comedy
2417,western
2418,drama
2419,thriller
2420,comedy
2421,western
2422,drama
2423,crime
2424,drama
2425,drama
2426,horror
2427,action
2428,horror
2429,romance
2430,horror
2431,crime
2432,action
2433,drama
2434,comedy
2435,drama
2436,drama
2437,drama
2438,drama
2439,comedy
2440,crime
2441,comedy
2442,comedy
2443,horror
2444,drama
2445,comedy
2446,comedy
2447,drama
2448,drama
2449,horror
2450,drama
2451,adventure
2452,drama
2453,comedy
2454,drama
2455,comedy
2456,thriller
2457,comedy
2458,drama
2459,drama
2460,comedy
2461,comedy
2462,drama
2463,comedy
2464,comedy
2465,drama
2466,action
2467,thriller
2468,drama
2469,drama
2470,drama
2471,drama
2472,drama
2473,drama
2474,adventure
2475,thriller
2476,comedy
2477,drama
2478,comedy
2479,drama
2480,comedy
2481,drama
2482,comedy
2483,drama
2484,drama
2485,drama
2486,drama
2487,drama
2488,drama
2489,drama
2490,drama
2491,action
2492,action
2493,drama
2494,western
2495,horror
2496,romance
2497,drama
2498,action
2499,adventure
2500,drama
2501,drama
2502,western
2503,comedy
2504,drama
2505,horror
2506,drama
2507,romance
2508,horror
2509,western
2510,comedy
2511,thriller
2512,drama
2513,comedy
2514,horror
2515,comedy
2516,romance
2517,horror
2518,drama
2519,comedy
2520,drama
2521,western
2522,drama
2523,drama
2524,drama
2525,drama
2526,drama
2527,drama
2528,comedy
2529,drama
2530,drama
2531,action
2532,comedy
2533,drama
2534,drama
2535,comedy
2536,drama
2537,drama
2538,drama
2539,comedy
2540,comedy
2541,comedy
2542,drama
2543,drama
2544,horror
2545,drama
2546,horror
2547,drama
2548,drama
2549,drama
2550,drama
2551,comedy
2552,drama
2553,drama
2554,action
2555,comedy
2556,crime
2557,action
2558,comedy
2559,comedy
2560,comedy
2561,drama
2562,drama
2563,drama
2564,comedy
2565,adventure
2566,western
2567,action
2568,drama
2569,drama
2570,drama
2571,comedy
2572,comedy
2573,thriller
2574,drama
2575,drama
2576,drama
2577,romance
2578,comedy
2579,drama
2580,horror
2581,comedy
2582,drama
2583,action
2584,drama
2585,drama
2586,comedy
2587,romance
2588,drama
2589,drama
2590,drama
2591,drama
2592,comedy
2593,horror
2594,drama
2595,comedy
2596,adventure
2597,action
2598,comedy
2599,comedy
2600,drama
2601,comedy
2602,horror
2603,drama
2604,drama
2605,drama
2606,comedy
2607,action
2608,comedy
2609,drama
2610,comedy
2611,action
2612,drama
2613,drama
2614,comedy
2615,horror
2616,drama
2617,thriller
2618,comedy
2619,thriller
2620,drama
2621,comedy
2622,action
2623,drama
2624,comedy
2625,drama
2626,romance
2627,western
2628,crime
2629,adventure
2630,comedy
2631,drama
2632,drama
2633,drama
2634,horror
2635,drama
2636,comedy
2637,action
2638,drama
2639,drama
2640,drama
2641,comedy
2642,western
2643,drama
2644,comedy
2645,drama
2646,comedy
2647,drama
2648,action
2649,drama
2650,thriller
2651,western
2652,thriller
2653,action
2654,drama
2655,drama
2656,drama
2657,drama
2658,comedy
2659,drama
2660,drama
2661,romance
2662,crime
2663,drama
2664,drama
2665,drama
2666,comedy
2667,comedy
2668,crime
2669,drama
2670,action
2671,adventure
2672,drama
2673,crime
2674,drama
2675,comedy
2676,drama
2677,thriller
2678,western
2679,romance
2680,comedy
2681,thriller
2682,comedy
2683,romance
2684,drama
2685,drama
2686,drama
2687,comedy
2688,action
2689,western
2690,western
2691,comedy
2692,drama
2693,western
2694,drama
2695,comedy
2696,comedy
2697,drama
2698,drama
2699,comedy
2700,drama
2701,drama
2702,drama
2703,western
2704,horror
2705,crime
2706,drama
2707,drama
2708,thriller
2709,crime
2710,drama
2711,drama
2712,drama
2713,comedy
2714,western
2715,thriller
2716,drama
2717,crime
2718,drama
2719,drama
2720,comedy
2721,drama
2722,drama
2723,drama
2724,drama
2725,drama
2726,crime
2727,drama
2728,comedy
2729,drama
2730,horror
2731,action
2732,action
2733,drama
2734,drama
2735,drama
2736,comedy
2737,drama
2738,comedy
2739,drama
2740,action
2741,drama
2742,drama
2743,crime
2744,drama
2745,drama
2746,drama
2747,comedy
2748,drama
2749,adventure
2750,drama
2751,comedy
2752,crime
2753,horror
2754,comedy
2755,comedy
2756,horror
2757,horror
2758,comedy
2759,western
2760,horror
2761,comedy
2762,comedy
2763,drama
2764,comedy
2765,drama
2766,drama
2767,drama
2768,drama
2769,drama
2770,comedy
2771,comedy
2772,romance
2773,drama
2774,western
2775,western
2776,drama
2777,drama
2778,drama
2779,action
2780,horror
2781,adventure
2782,drama
2783,drama
2784,drama
2785,drama
2786,drama
2787,drama
2788,drama
2789,comedy
2790,drama
2791,drama
2792,comedy
2793,comedy
2794,horror
2795,thriller
2796,drama
2797,adventure
2798,drama
2799,thriller
2800,crime
2801,drama
2802,drama
2803,drama
2804,drama
2805,comedy
2806,western
2807,comedy
2808,western
2809,comedy
2810,action
2811,drama
2812,horror
2813,thriller
2814,horror
2815,romance
2816,comedy
2817,drama
2818,drama
2819,action
2820,comedy
2821,adventure
2822,western
2823,comedy
2824,drama
2825,drama
2826,comedy
2827,adventure
2828,drama
2829,comedy
2830,horror
2831,thriller
2832,action
2833,comedy
2834,comedy
2835,thriller
2836,drama
2837,comedy
2838,action
2839,comedy
2840,comedy
2841,comedy
2842,drama
2843,horror
2844,comedy
2845,western
2846,drama
2847,comedy
2848,drama
2849,action
2850,comedy
2851,comedy
2852,drama
2853,comedy
2854,comedy
2855,drama
2856,drama
2857,horror
2858,romance
2859,western
2860,horror
2861,drama
2862,horror
2863,drama
2864,comedy
2865,action
2866,comedy
2867,comedy
2868,comedy
2869,drama
2870,comedy
2871,comedy
2872,drama
2873,drama
2874,comedy
2875,comedy
2876,drama
2877,drama
2878,comedy
2879,horror
2880,comedy
2881,horror
2882,comedy
2883,thriller
2884,horror
2885,thriller
2886,western
2887,thriller
2888,comedy
2889,comedy
2890,comedy
2891,drama
2892,drama
2893,crime
2894,comedy
2895,drama
2896,horror
2897,drama
2898,drama
2899,drama
2900,thriller
2901,comedy
2902,drama
2903,western
2904,thriller
2905,drama
2906,comedy
2907,drama
2908,drama
2909,crime
2910,thriller
2911,romance
2912,comedy
2913,adventure
2914,drama
2915,comedy
2916,comedy
2917,comedy
2918,thriller
2919,drama
2920,comedy
2921,comedy
2922,drama
2923,action
2924,thriller
2925,drama
2926,drama
2927,drama
2928,comedy
2929,crime
2930,action
2931,comedy
2932,action
2933,comedy
2934,drama
2935,comedy
2936,action
2937,drama
2938,drama
2939,action
2940,drama
2941,comedy
2942,drama
2943,comedy
2944,horror
2945,comedy
2946,comedy
2947,drama
2948,comedy
2949,drama
2950,horror
2951,comedy
2952,action
2953,comedy
2954,drama
2955,thriller
2956,western
2957,drama
2958,comedy
2959,drama
2960,crime
2961,comedy
2962,drama
2963,comedy
2964,drama
2965,drama
2966,drama
2967,drama
2968,romance
2969,comedy
2970,drama
2971,western
2972,comedy
2973,drama
2974,drama
2975,action
2976,drama
2977,drama
2978,western
2979,comedy
2980,western
2981,horror
2982,comedy
2983,drama
2984,drama
2985,romance
2986,comedy
2987,action
2988,romance
2989,comedy
2990,comedy
2991,drama
2992,comedy
2993,drama
2994,drama
2995,drama
2996,comedy
2997,drama
2998,drama
2999,comedy
3000,drama
3001,comedy
3002,drama
3003,comedy
3004,comedy
3005,comedy
3006,comedy
3007,comedy
3008,drama
3009,drama
3010,comedy
3011,drama
3012,comedy
3013,drama
3014,drama
3015,comedy
3016,comedy
3017,drama
3018,drama
3019,drama
3020,western
3021,crime
3022,drama
3023,horror
3024,drama
3025,western
3026,thriller
3027,horror
3028,drama
3029,comedy
3030,drama
3031,horror
3032,drama
3033,western
3034,western
3035,comedy
3036,drama
3037,horror
3038,comedy
3039,thriller
3040,adventure
3041,crime
3042,horror
3043,drama
3044,drama
3045,drama
3046,comedy
3047,drama
3048,drama
3049,drama
3050,thriller
3051,thriller
3052,drama
3053,romance
3054,drama
3055,comedy
3056,drama
3057,drama
3058,drama
3059,action
3060,comedy
3061,comedy
3062,comedy
3063,horror
3064,comedy
3065,comedy
3066,western
3067,thriller
3068,comedy
3069,drama
3070,drama
3071,thriller
3072,comedy
3073,romance
3074,comedy
3075,comedy
3076,drama
3077,comedy
3078,action
3079,action
3080,horror
3081,comedy
3082,drama
3083,comedy
3084,adventure
3085,drama
3086,comedy
3087,drama
3088,romance
3089,comedy
3090,comedy
3091,comedy
3092,thriller
3093,comedy
3094,thriller
3095,drama
3096,drama
3097,comedy
3098,thriller
3099,drama
3100,comedy
3101,horror
3102,comedy
3103,drama
3104,drama
3105,drama
3106,drama
3107,horror
3108,comedy
3109,comedy
3110,drama
3111,comedy
3112,comedy
3113,comedy
3114,thriller
3115,adventure
3116,comedy
3117,drama
3118,drama
3119,drama
3120,romance
3121,action
3122,drama
3123,comedy
3124,comedy
3125,comedy
3126,drama
3127,comedy
3128,action
3129,romance
3130,comedy
3131,comedy
3132,romance
3133,drama
3134,comedy
3135,action
3136,drama
3137,western
3138,comedy
3139,drama
3140,drama
3141,thriller
3142,comedy
3143,drama
3144,action
3145,drama
3146,thriller
3147,comedy
3148,thriller
3149,drama
3150,drama
3151,horror
3152,drama
3153,drama
3154,drama
3155,thriller
3156,comedy
3157,western
3158,drama
3159,comedy
3160,drama
3161,drama
3162,drama
3163,comedy
3164,comedy
3165,drama
3166,comedy
3167,drama
3168,horror
3169,thriller
3170,drama
3171,comedy
3172,drama
3173,horror
3174,comedy
3175,comedy
3176,romance
3177,comedy
3178,comedy
3179,drama
3180,comedy
3181,drama
3182,drama
3183,action
3184,romance
3185,comedy
3186,drama
3187,drama
3188,drama
3189,crime
3190,comedy
3191,romance
3192,drama
3193,comedy
3194,action
3195,drama
3196,thriller
3197,drama
3198,comedy
3199,horror
3200,drama
3201,adventure
3202,drama
3203,drama
3204,drama
3205,drama
3206,drama
3207,comedy
3208,western
3209,comedy
3210,drama
3211,drama
3212,western
3213,drama
3214,comedy
3215,drama
3216,comedy
3217,adventure
3218,drama
3219,comedy
3220,comedy
3221,comedy
3222,comedy
3223,drama
3224,drama
3225,drama
3226,drama
3227,drama
3228,comedy
3229,comedy
3230,horror
3231,horror
3232,comedy
3233,drama
3234,drama
3235,comedy
3236,comedy
3237,comedy
3238,action
3239,drama
3240,drama
3241,drama
3242,comedy
3243,drama
3244,drama
3245,comedy
3246,comedy
3247,comedy
3248,comedy
3249,drama
3250,horror
3251,drama
3252,drama
3253,comedy
3254,crime
3255,crime
3256,comedy
3257,horror
3258,drama
3259,drama
3260,horror
3261,drama
3262,drama
3263,comedy
3264,adventure
3265,comedy
3266,comedy
3267,thriller
3268,comedy
3269,horror
3270,comedy
3271,horror
3272,drama
3273,drama
3274,drama
3275,drama
3276,drama
3277,comedy
3278,comedy
3279,drama
3280,drama
3281,comedy
3282,drama
3283,western
3284,drama
3285,drama
3286,drama
3287,drama
3288,drama
3289,comedy
3290,action
3291,drama
